name,city,phone,postal code,street,region,website,email,country,zone
Pedal & Pump,Darien,(203) 655-2600,6820,51 Tokeneke Road,CT,,,USA,USA
Berlin Bicycle & Repair Shop,East Berlin,(860) 828-1132,6023,855 Mill Street,CT,,,USA,USA
Bikes & Moore,Hopkinsville,(270) 885-0613,42240,200 Sivley Road,KY,,,USA,USA
Xtreme Bike & Sport,Independence,(620) 331-7777,67301,204 N Penn Ave,KS,,,USA,USA
M & M Cyclery,Mundelein,(847) 362-2451,60060,734 South Butterfield Road,IL,,,USA,USA
Tree Fort Bike & Board,Ypsilanti Township,(734) 484-9999,48197,1866 Whittaker Road,MI,,,USA,USA
American Cycle & Fitness,Grosse Pte Woods,(313) 879-5639,48236,20343 Mack Avenue,MI,,,USA,USA
KLM Bike & Fitness,Rochester Hills,(248) 299-0456,48307,2680 South Rochester Road,MI,,,USA,USA
Now Bikes & Fitnes,Arden Hills,(651) 490-7709,55126,3673 Lexington Avenue North,MN,,,USA,USA
Summit Bike & Ski,Bozeman,(406) 587-1064,59715,26 South Grand Avenue,MT,,,USA,USA
Ride Brooklyn Bike & Board,Brooklyn,(718) 857-5283,11217,229 Flatbush Avenue,NY,,,USA,USA
Sleepy Hollow Bicycle & Sport,Tarrytown,(914) 631-3135,10591,95 Beekman Avenue,NY,,,USA,USA
R&A Cycles,Brooklyn,(718) 636-5242,11217,105 5th Avenue,NY,,,USA,USA
Piche's Ski & Sport Shop,Gilford,(603) 524-2068,3249,318 Gilford Ave,NE,,,USA,USA
S&W Sports,Concord,(603) 228-1441,3301,296 South Main Street,NE,,,USA,USA
Revolution Cyclery & Sport Shop,Concord,(603) 224-8600,3301,24 Pleasant St,NE,,,USA,USA
Kearney Cycling & Fitness,Kearney,(308) 234-3822,68847,2216 Central Avenue,NE,,,USA,USA
Saturday Bike & Run,Rock Hill,(803) 329-2453,29730,153 East White Street,SC,,,USA,USA
Center For Cycling & Fitness,Columbia,(803) 256-0557,29205,1001 Harden Street,SC,,,USA,USA
Country Ski & Sports,Montoursville,(570) 368-1718,17754,836 Broad Street,PA,,,USA,USA
Murfreesboro Outdoor & Bicycle,Murfreesboro,(615) 893-7725,37130,310 North Maple Street,TN,,,USA,USA
Tailwind Cycles & Multisport,Fort Mill,(803) 554-4730,29708,1646 Hwy 160 W Suite 104-D,SC,,,USA,USA
Wheeler & Rathke,Portland,(503) 231-4888,97214,2005 SE 8th Ave,OR,,,USA,USA
Cycle Sport & Tri,Loveland,(513) 683-0550,45140,10657 Loveland Madeira Rd.,OH,,,USA,USA
Fat Frogs Bike & Fitness,Virginia Beach,(757) 427-9488,23456,"Suite 232, 1169 Nimmo Parkway",VA,,,USA,USA
Plano Cycling & Fitness,Plano,(972) 423-4130,75074,605 18th Street,TX,,,USA,USA
Wheel & Sprocket,Delafield,(262) 646-6300,53018,528 Wells Street,WI,,,USA,USA
Extreme Ski & Bike,Thiensville,(262) 242-1442,53092,235 North Main Street,WI,,,USA,USA
Art Doyle's Spokes & Pedals Bicycle Shop,Hudson,(715) 386-8500,54016,607 2nd Street,WI,,,USA,USA
Wheel & Sprocket,Hales Corners,(414) 529-6600,53130,5722 South 108th Street,WI,,,USA,USA
Williamson Bicycle Works & Fitness,Madison,(608) 255-5292,53703,640 W Washington Ave,WI,,,USA,USA
SLC Bicycle Co,Salt Lake City,(801) 746-8366,84111,177 East 200 South,UT,,,USA,USA
Rock On Wheels,Cheyenne,,82001,900 East Lincoln Way,WY,,,USA,USA
Altitude Cycle,Vernal,(435) 781-2595,84078,580 East Main Street,UT,,,USA,USA
Sedona Bike And Bean,Sedona,(928) 284-0210,86351,6020 Arizona 179,AZ,,,USA,USA
Madison Cycles Inc.,Madison,(256) 461-9963,35758,8760 Madison Blvd # U,AL,,,USA,USA
Cahaba Cycles,Vestavia Hills,(205) 967-2003,35243,3179 Cahaba Heights Road # 101,AL,,,USA,USA
Bob's Bikes Inc,Birmingham,(205) 879-2258,35209,1944 28th Ave S,AL,,,USA,USA
Chainwheel Inc.,Little Rock,(501) 224-7651,72227,10300 N Rodney Parham Rd  Little Rock,AR,,,USA,USA
Competitive Cyclist,North Little Rock,(501) 663-8796,72118,5050 Northshore Lane,AR,,,USA,USA
Parkside Cycle,Hot Springs,(501) 623-6188,71901,719 Whittington Avenue,AR,,,USA,USA
Fairwheel Bicycles,Tucson,(520) 884-9018,85719,1110 East 6th Street,AZ,,,USA,USA
DNA Cycles,Mesa,(480) 924-2453,85215,2031 N. Power Rd. Suite 101,AZ,,,USA,USA
Cahaba Cycles,Pelham,(205) 987-4043,35124,2271 Pelham Parkway,AL,,,USA,USA
Hurricane Creek Park,Vinemont,(256) 734-2125,35179,22600 Highway 31 North,AL,,,USA,USA
EPIC BIKING,Saratoga Springs,(801) 653-2039,84045,1306 N Redwood Rd,UT,,,USA,USA
Revolution Bicycles,Sandy,(801) 233-1400,84070,8714 South 700 East,UT,,,USA,USA
REI Salt Lake City,Salt Lake City,(801) 486-2100,84109,3285 East 3300 South,UT,,,USA,USA
REI Sandy,Sandy,(801) 501-0850,84070,10600 S Ste 1700,UT,,,USA,USA
Decker's Bicycle,Price,(435) 637-0086,84501,77 East Main Street,UT,,,USA,USA
Bicycle Shop Inc,Anchorage,(907) 272-5219,99503,1035 W. Northern Lights,AK,,,USA,USA
Speedway Cycles,Anchorage,(907) 222-1967,99503,2600 Spenard Road,AK,,,USA,USA
REI Anchorage,Anchorage,(907) 272-4565,99503,1200-a W Northern Lights Blvd,AK,,,USA,USA
Trailhead Inc,Huntsville,(256) 534-1333,35801,604 Andrew Jackson Way Northeast,AL,,,USA,USA
Miles Ahead Cyclery,Tucson,(520) 751-0555,85715,7000 E Tanque Verde Rd,AZ,,,USA,USA
Landis Cyclery,Phoenix,(602) 264-5681,85013,712 West Indian School Road,AZ,,,USA,USA
Sabino Cycles,Tucson,(520) 885-3666,85715,7045 E Tanque Verde Road,AZ,,,USA,USA
Paco's Truckee River,Truckee,(530) 587-5561,96161,11200-6 Donner Pass Rd,CA,,,USA,USA
THE PATH BIKE SHOP,Tustin,(714) 669-0784,92780,215 West First Street #102,CA,,,USA,USA
Jenson USA,Riverside,(909) 947-9036,92507,1615 Eastridge Avenue,CA,,,USA,USA
Rock N' Road Cyclery,Lake Forest,(949) 916-9348,92630,20381 Lake Forest Dr. Suite B13,CA,,,USA,USA
Incycle,San Dimas,(909) 592-2181,91773,561 West Arrow Highway,CA,,,USA,USA
Bicycle Trip,Santa Cruz,(831) 427-2580,95062,1001 Soquel Avenue,CA,,,USA,USA
La Dolce Velo,San Jose,(408) 244-8356,95126,1280 The Alameda,CA,,,USA,USA
Big Swingin Cycles,San Francisco,(415) 441-6294,94109,2260 Van Ness Avenue,CA,,,USA,USA
REI Tempe,Tempe,(480) 967-5494,85282,1405 W Southern Ave,AZ,,,USA,USA
REI Paradise Valley,Phoenix,(602) 996-5400,85032,12634 N Paradise Village Pkwy,AZ,,,USA,USA
Two Wheel Jones,Mesa,(480) 380-8222,85209,1917 S Signal Butte Rd #105,AZ,,,USA,USA
Surprise Bicycles,Surprise,(623) 933-8695,85374,12875 W. Bell Rd,AZ,,,USA,USA
Rage Cycles,Scottsdale,(480) 968-8116,85257,2724 North Scottsdale Road,AZ,,,USA,USA
Trailhead Bike Cafe,Phoenix,(602) 264-2328,85016,6825 North 16th Street A9,AZ,,,USA,USA
Arizona Bicycle,Tucson,(520) 881-2279,85716,2520 East 6th Street,AZ,,,USA,USA
Adventure Bicycle Co,Mesa,(480) 649-3394,85204,2336 E Baseline Rd,AZ,,,USA,USA
Airpark Bicycle,Scottsdale,(480) 596-6633,85255,8388 E Hartford Dr #100,AZ,,,USA,USA
Ajo Bikes,Tucson,(520) 294-1434,85713,1301 E Ajo Way,AZ,,,USA,USA
Absolute Bikes,Flagstaff,(928) 779-5969,86001,200 East Route 66,AZ,,,USA,USA
Orange 20 Bikes,Los Angeles,(323) 662-4537,90029,4351 Melrose Ave.,CA,,,USA,USA
REI Tucson,Tucson,(520) 887-1938,85705,160 W Wetmore Road,AZ,,,USA,USA
Bicycles Unlimited,St. George,(435) 673-4492,84770,90 South 100 East,UT,,,USA,USA
Lake Town Bicycles,West Jordan,(801) 432-2995,84088,1520 West 9000 South Suite C,UT,,,USA,USA
Poison Spider,Moab,(800) 635-1792,84532,497 N Main St,UT,,,USA,USA
Dave's Discount Motors,South  Draper,(801) 619-0235,84020,228 West 12300,UT,,,USA,USA
Millcreek Bicycles,Cottonwood,801-278-1500,84121,2428 Catalina Dr,UT,,,USA,USA
Bike Peddler,American Fork,(801) 756-5014,84003,24 East Main Street,UT,,,USA,USA
Timpanogos Cyclery,Pleasant Grove,(801) 796-7500,84062,665 West State Road Suite A,UT,,,USA,USA
Al's Sporting Goods,Logan,(435) 752-5151,84341,1617 N Main St,UT,,,USA,USA
Infinite Cycles,Riverton,(801) 523-8268,84065,3818 W 13400 S,UT,,,USA,USA
Moab Cyclery,Moab,(800) 559-1978,84532,391 South Main Street,UT,,,USA,USA
Bike Shoppe,Ogden,(801) 476-1600,84403,4390 South Washington Boulevard,UT,,,USA,USA
Greyhair Bike Repair,Green River,,82935,1500 N Riverbend Dr,WY,,,USA,USA
Cyclesmith,Salt Lake City,(801) 582-9870,84102,250 South 1300 East,UT,,,USA,USA
Performance Bike Parts,Salt Lake City,(801) 638-1687,84107,731 Pontiac Drive,UT,,,USA,USA
Contender Bicycles,????Salt Lake City,(801) 364-0344,84105,875 East 900 South,UT,,,USA,USA
Uranium Bicycles,Moab,(435) 259-2928,84532,284 N Main St,UT,,,USA,USA
Joyride Bikes,Logan,(435) 753-7175,84321,65 S. Main St,UT,,,USA,USA
Taylors Bike Shop,Taylorsville,(801) 969-4995,84118,3269 West 5400 South,UT,,,USA,USA
Skyline Cycle,Ogden,(801) 394-7700,84404,834 Washington Blvd,UT,,,USA,USA
Needles Peak,Morgan,(801) 876-386,84050,498 W Sherrie St,UT,,,USA,USA
Fishers Cyclery,Salt Lake City,(801) 466-3971,84106,2175 South 900 East,UT,,,USA,USA
Guthrie Bike,Salt Lake City,(801) 484-0404,84106,800 E 2100 S,UT,,,USA,USA
The Bike Shoppe,Ogden,(801) 476-1600,84403,4390 South Washington Boulevard,UT,,,USA,USA
Taylors Bike Shop,Riverton,(801) 253-1881,84065,2600 West 12600 South,UT,,,USA,USA
Taylors Bike Shop,Provo,(801) 377-8044,84604,1520 N Freedom Blvd,UT,,,USA,USA
STAATS,Sandy,(801) 943-8502,84093,2063 E 9400 S,UT,,,USA,USA
White Pine Touring,Kamas,(435) 783-6770,84036,138 West 280 South,UT,,,USA,USA
Canfield Brothers,Layton,(801) 548-2556,84041,2313 N. 500 W. Layton,UT,,,USA,USA
SBR Sports,Orem,(801) 225-0076,84057,149 W 400 N,UT,,,USA,USA
Racers Cycle Service,Provo,(801) 375-5873,84601,159 West 500 North,UT,,,USA,USA
Chile Pepper Bike Shop,Moab,(435) 259-4688,84532,702 South Main St,UT,,,USA,USA
Go-Ride,Salt Lake City,(801) 474-0081,84115,3232 South 400 East #300,UT,,,USA,USA
Bikers Edge,Kaysville,(801) 544-5300,84037,232 North Main Street,UT,,,USA,USA
Hyland Cyclery,Salt Lake City,(801) 467-0914,84106,3040 Highland Drive,UT,,,USA,USA
Millcreek Bicycles,Salt Lake City,(801) 278-1500,84124,3969 South Wasatch Blvd,UT,,,USA,USA
Wild Rose,Salt Lake City,(801) 533-8671,84103,702 3rd Avenue,UT,,,USA,USA
Canyon Bicycles,South  Draper,(801) 576-8844,84020,762 East 12300,UT,,,USA,USA
Sundance Resort,Sundance,(801) 225-4107,84604,8841 Alpine Loop Road,UT,,,USA,USA
Bountiful Bicycle,Bountiful,(801) 295-6711,84010,2482 South Main Street,UT,,,USA,USA
REI Santa Rosa,Santa Rosa,(707) 540-9025,95407,2715 Santa Rosa Avenue,CA,,,USA,USA
REI Santa Monica,Santa Monica,(310) 458-4370,90401,402 Santa Monica Blvd.,CA,,,USA,USA
REI Stockton,Stockton,(209) 957-9479,95207,"5757 Pacific Avenue, Suite A105",CA,,,USA,USA
REI San Francisco,San Francisco,(415) 934-1938,94103,840 Brannan St,CA,,,USA,USA
REI San Diego,San Diego,(858) 279-4400,92111,5556 Copley Drive,CA,,,USA,USA
REI Roseville,Roseville,(916) 724-6750,95678,1148 Galleria Blvd.,CA,,,USA,USA
REI Rancho Cucamonga,Rancho Cucamonga,(909) 646-8360,91739,12218 Foothill Blvd,CA,,,USA,USA
REI Northridge,Northridge,(818) 831-5555,91324,18605 Devonshire St.,CA,,,USA,USA
REI Mountain View,Mountain View,(650) 969-1938,94043,2450 Charleston Rd.,CA,,,USA,USA
REI Marina,Marina,(831) 883-8048,93933,145 General Stilwell Drive,CA,,,USA,USA
REI Chula Vista,Chula Vista,(619) 591-4924,91915,2015 Birch Rd # 150,CA,,,USA,USA
REI Concord,Concord,(925) 825-9400,94520,1975 Diamond Blvd. Suite B-100,CA,,,USA,USA
REI Corte Madera,Corte Madera,(415) 927-1938,94925,213 Corte Madera Town Center,CA,,,USA,USA
REI Encinitas,Encinitas,(760) 944-9020,92024,1590 Leucadia Blvd.,CA,,,USA,USA
REI Folsom,Folsom,(916) 817-8944,95630,2425 Iron Point Rd,CA,,,USA,USA
REI Fremont,Fremont,(510) 651-0305,94538,43962 Fremont Blvd,CA,,,USA,USA
REI Fresno,Fresno,(559) 261-4168,93720,7810 N. Blackstone Ave.,CA,,,USA,USA
REI Manhattan Beach,Manhattan Beach,(310) 727-0728,90266,1800 Rosecrans Ave. Bldg. E,CA,,,USA,USA
All Pro Bicycles,Simi Valley,(805) 583-4296,93063,2381 Tapo Street,CA,,,USA,USA
Art's Cyclery,San Luis Obispo,(805) 540-7969,93401,181 Suburban Road,CA,,,USA,USA
Best Bike Zone,Paso Robles,(805) 237-2453,93446,712 Paso Robles St,CA,,,USA,USA
Fun Sport Bikes,Modesto,(209) 523-2700,95350,1700 Mchenry Ave # 10,CA,,,USA,USA
Krakatoa Bikes,Fairfax,(415) 453-0333,94930,42 Bolinas Rd,CA,,,USA,USA
Echelon Cycle & Multisport,Santa Rosa,(707) 528-1133,95401,125 Fifth St.,CA,,,USA,USA
Lombardi Sports,San Francisco,(415) 771-0600,94109,1600 Jackson Street,CA,,,USA,USA
Pedal Pushers Cyclery,Golden,(303) 365-2453,80401,2401 Ford Street,CO,,,USA,USA
Louisville Cyclery,Louisville,(303) 665-6343,80027,1032 E South Boulder Rd,CO,,,USA,USA
Paragon Ski & Sport,Telluride,(970) 728-4581,81435,217 W Colorado Ave,CO,,,USA,USA
REI Huntington Beach,Huntington Beach,(714) 379-1938,92647,7777 Edinger Ave  Ste 138,CA,,,USA,USA
The Bike Barn,Davis,,95616,TB 24 The Barn One Shields Ave.,CA,,,USA,USA
River Rat,Fair Oaks,(916) 966-6777,95628,4053 Pennsylvania Avenue,CA,,,USA,USA
Coates Cyclery,Pomona,(909) 624-0612,91767,760 East Foothill Boulevard,CA,,,USA,USA
Finish Line,Bakersfield,(661) 833-6268,93311,"8850 Stockdale Hwy, Ste 100",CA,,,USA,USA
Laguna Beach Cyclery,Laguna Beach,(949) 494-1522,92651,240 Thalia Street,CA,,,USA,USA
Main Street Cycles,Santa Maria,(805) 922-5577,93454,311 East Main Street,CA,,,USA,USA
Newbury Park Bicycle Shop,Newbury Park,(805) 498-7714,91320,1560 Newbury Rd # 6,CA,,,USA,USA
Newhall Bicycle Company,Newhall,(661) 284-6187,91321,24261 1/2 Main St,CA,,,USA,USA
Peak Adventures,Sacramento,(916) 278-6321,95826,6000 J St,CA,,,USA,USA
Pedal Power Bicycles,Santa Maria,(805) 349-2294,93454,1740 South Broadway,CA,,,USA,USA
REI San Carlos,San Carlos,(650) 508-2330,94070,1119 Industrial Rd Ste A,CA,,,USA,USA
REI Brentwood,Brentwood,(925) 516-3540,94513,2475 Sand Creek Road  Suite 100,CA,,,USA,USA
Bicycle John's,Agoura Hills,(818) 597-8330,91301,29041 E Thousand Oaks Blvd,CA,,,USA,USA
Ray's Cycle,Vacaville,(707) 448-1911,95688,400 Main Street,CA,,,USA,USA
Velobum Elite Cyclery,Rancho Mirage,(760) 341-2463,92270,71430 Highway 111,CA,,,USA,USA
Encina Bicycle,Walnut Creek,(925) 944-9200,94598,2901 Ygnacio Valley Rd,CA,,,USA,USA
Adventure's Edge,Arcata,(707) 822-4673,95521,650 10th Street,CA,,,USA,USA
Crossroads Bicycles,Los Gatos,(408) 354-0555,95030,217 N Santa Cruz Ave # C,CA,,,USA,USA
Willow Glen Bicycles,San Jose,(408) 923-2606,95125,1016 Lincoln Ave,CA,,,USA,USA
Jax Bicycle Center,Irvine,(949) 733-1212,92604,14280 Culver Drive,CA,,,USA,USA
Freewheel Bike Shop,San Francisco,(415) 643-9213,94110,"3288 21st St, Box 11",CA,,,USA,USA
Surf City Cyclery,Huntington Beach,(714) 842-1717,92647,7470 Edinger Ave,CA,,,USA,USA
Comcycle USA,San Clemente,(949) 492-0111,92673,946 Calle Amanecer,CA,,,USA,USA
Riders Pro Shop,West Sacramento,,95798,3901 Commerce Drive,CA,,,USA,USA
Cambria Bicycle Outfitter,Cambria,(805) 926-2230,93428,1602 Main St,CA,,,USA,USA
Cyclepath Bicycles,Fresno,(559) 434-8356,93720,1165 E Champlain Dr,CA,,,USA,USA
Sharp Bicycle,Roseville,(916) 797-8894,95678,701 Pleasant Grove Blvd # 190,CA,,,USA,USA
Calfee Design,La Selva Beach,(831) 728-1859,95076,783 San Andreas Road,CA,,,USA,USA
Cycle City,Alameda,(510) 521-2872,94501,1433 High Street,CA,,,USA,USA
Fun Sport Bikes,Modesto,(209) 523-2700,95350,1700 Mchenry Ave # 10,CA,,,USA,USA
Sharp Bicycle,Lafayette,(925) 284-9616,94549,969 Moraga Road,CA,,,USA,USA
REI Arcadia,Arcadia,(626) 447-1062,91006,214 N. Santa Anita Ave,CA,,,USA,USA
REI Tustin,Tustin,(714) 505-0205,92782,2962 El Camino Real,CA,,,USA,USA
REI Saratoga,San Jose,(408) 871-8765,95130,El Paseo De Saratoga,CA,,,USA,USA
REI Sacramento,Sacramento,(916) 924-8900,95815,1790 Expo Parkway,CA,,,USA,USA
REI Berkeley,Berkeley,(510) 527-4140,94702,1338 San Pablo Ave,CA,,,USA,USA
VERT Scooter Shop,Long Beach,(562) 421-1979,90808,3066 N Greenbrier Road,CA,,,USA,USA
Cranky's Bike Shop,Fountain Valley,(714) 594-3228,92708,10625 Ellis Avenue,CA,,,USA,USA
Action Sports,Bakersfield,(661) 833-4000,93312,9500 Brimhall Road # 400,CA,,,USA,USA
Adrenaline Bikes,Orange,(714) 288-2012,92866,366 S Tustin St,CA,,,USA,USA
Scooter Zone,Riverside,(951) 343-0222,92505,10407 Arlington Avenue,CA,,,USA,USA
Bent Up Cycles,Van Nuys,(818) 358-2740,91406,7828 Balboa Blvd,CA,,,USA,USA
Chico Sports,Chico,(530) 894-1110,95926,698 Mangrove Ave,CA,,,USA,USA
Westlake Cyclery,Thousand Oaks,(805) 497-3030,91361,3195 Willow Ln # B,CA,,,USA,USA
Sunset Bikes,Carlsbad,(619) 997-7772,92009,6456 Pyrus Place,CA,,,USA,USA
UC Cyclery,La Jolla,(858) 452-8842,92037,8715 Villa La Jolla Dr # B,CA,,,USA,USA
Chain Gang Bike Shop,Redding,(530) 243-9951,96001,1540 Division Street,CA,,,USA,USA
Pat's 605 Cyclery,Norwalk,(562) 864-0740,90650,12310 Studebaker Rd,CA,,,USA,USA
Racers Edge,Boca Raton,(561) 416-9433,33431,2170 North Dixie Highway,FL,,,USA,USA
C&E Trading Of Miami,Doral,(305) 653-3751,33178,11350 Nw 53rd Lane,FL,,,USA,USA
Coral Way Bicycle,Miami,(305) 856-5731,33145,2237 Coral Way,FL,,,USA,USA
Higher Ground,Tallahassee,(850) 942-2453,32308,2819 Mahan Dr # 108,FL,,,USA,USA
Maggie Roses Bike Shop,Jacksonville,(904) 636-0544,32217,8650 Old Kings Road South Suite #8,FL,,,USA,USA
AJ's Bikes & Boards,Valrico,(813) 685-2453,33596,1538 Bloomingdale Ave,FL,,,USA,USA
Downtown Bicycles,Fort Lauderdale,(954) 761-9920,33304,2571 East Sunrise Boulevard,FL,,,USA,USA
Re Cycle Bicycle Sales & Repair,Key West,(305) 294-7433,33040,5160 Us Highway 1,FL,,,USA,USA
Great Bicycle Shop,Tallahassee,(850) 224-7461,32303,1909 Thomasville Rd,FL,,,USA,USA
RAS Race Specialties,Palm Harbor,(727) 288-6998,34683,1045 Georgia Ave,FL,,,USA,USA
Orange Cycle Works,Orlando,(407) 422-5552,32804,2204 Edgewater Dr,FL,,,USA,USA
Big Wheel Bicycles,Hollywood,(954) 966-5545,33024,7035 Taft Street,FL,,,USA,USA
Winter Garden Wheel Works,Winter Garden,(407) 654-1496,34787,101 West Plant Street,FL,,,USA,USA
Village Bikes,Sarasota,(941) 366-7702,34239,3898 South Osprey Avenue,FL,,,USA,USA
Champion Cycling and Fitness,Jacksonville,(904) 724-4922,32211,1025 Arlington Rd N,FL,,,USA,USA
Alex's Bicycle Pro Shop,Davie,(954) 990-0836,33325,11466 W State Road 84,FL,,,USA,USA
Z's Bike & Fitness,Davie,(954) 888-9030,33330,4401 S FLAMINGO RD # 107,FL,,,USA,USA
Bike Tech,Miami,(305) 261-1211,33155,7252 Southwest 40th Street,FL,,,USA,USA
City Cycle,Jacksonville,(904) 356-2453,32205,2740 Park St,FL,,,USA,USA
J & R Bicycles,Largo,(727) 545-1580,33777,7000 Bryan Dairy Rd # B1,FL,,,USA,USA
Modern Bike,Des Moines,(515) 263-2000,50313,1515 E Euclid Ave,IA,,,USA,USA
Rasmussen Bike Shop,West Des Moines,(515) 277-2636,50265,301 Grand Avenue,IA,,,USA,USA
Island Triathlon & Bike,Honolulu,(808) 732-7227,96815,569 Kapahulu Avenue,HI,,,USA,USA
Kauai Cycle & Tour,Kapaa,(808) 821-2115,96746,4-934 Kuhio Highway,HI,,,USA,USA
Chain Reaction Bicycles,Augusta,(706) 855-2024,30907,3920 Roberts Road,GA,,,USA,USA
REI Kennesaw,Kennesaw,(770) 425-4480,30144,740 Ernest W. Barrett Pkwy #450,GA,,,USA,USA
REI Buford,Buford,(770) 831-0676,30518,1600 Mall of Georgia Blvd. Bldg. 800,GA,,,USA,USA
REI Perimeter,Atlanta,(770) 901-9200,30338,1165 Perimeter Ctr W Ste 200,GA,,,USA,USA
REI Atlanta,Atlanta,(404) 633-6508,30329,1800 Northeast Expy NE,GA,,,USA,USA
MTB Tandems CO,Canton,(678) 445-0711,30114,3180 Deercreek Drive,GA,,,USA,USA
Lifetime Bikes Loganville,Loganville,(770) 466-7110,30052,3540 U.S. 78,GA,,,USA,USA
Free Flite Bicycles,Marietta,(770) 422-5237,30066,2949 Canton Road #1000,GA,,,USA,USA
Georgia Pro Bicycles,Atlanta,(404) 228-3453,30318,1841 Marietta Blvd NW,GA,,,USA,USA
Perry Rubber Bike Shop,Savannah,(912) 236-9929,31401,240 Bull St,GA,,,USA,USA
Adventure Cycling,Winter Springs,(407) 359-5556,32708,"1491 E Sr-434, #110",FL,,,USA,USA
DRC Sports,Inverness,(352) 637-2475,34451,5121 E Tangelo Lane,FL,,,USA,USA
McU Sports,Boise,(208) 342-7734,83702,822 West Jefferson Street,ID,,,USA,USA
Chainwheel Drive,Clearwater,(727) 441-2444,33755,1770 Drew St,FL,,,USA,USA
REI Boulder,Boulder,(303) 583-9970,80302,1789 28th St,CO,,,USA,USA
REI Denver,Denver,(303) 756-3100,80202,1416 Platte Street,CO,,,USA,USA
Wheel Base Bike Shop,Vail,(970) 476-5799,81657,610 West Lionshead Circle,CO,,,USA,USA
Dire Ride Co.,Englewood,(303) 229-1969,80110,1900 West Bates Ave,CO,,,USA,USA
CS West Bikes,Colorado Springs,(719) 633-5565,80904,2403 West Colorado Avenue,CO,,,USA,USA
Lee's Cyclery,Fort Collins,(800) 748-2453,80521,202 W Laurel St,CO,,,USA,USA
Peak Cycles,Golden,(303) 216-1616,80401,1224 Washington Avenue,CO,,,USA,USA
Singletracks,Fruita,(970) 858-3917,81521,150 S Park Sq,CO,,,USA,USA
Over the Edge Sports,Fruita,(970) 858-7220,81521,202 E Aspen Ave,CO,,,USA,USA
Full Cycle,Boulder,(303) 440-1002,80302,1795 Pearl Street,CO,,,USA,USA
Wheat Ridge Cyclery,Wheat Ridge,(303) 424-3221,80033,7085 West 38th Avenue,CO,,,USA,USA
University Bicycles,Boulder,(303) 444-4196,80302,839 Pearl Street,CO,,,USA,USA
Colorado Cyclist,Colorado Springs,(719) 591-4045,80909,3970 East Bijou Street,CO,,,USA,USA
ProCycling,Colorado Springs,(719) 266-4047,80904,600 South 21st Street,CO,,,USA,USA
Cutting Edge Sports,Louisville,(303) 666-4550,80027,1817 Highway 42,CO,,,USA,USA
REI Colorado Springs,Colorado Springs,(719) 260-1455,80920,1376 East Woodmen Road,CO,,,USA,USA
REI Englewood,Englewood,(303) 858-1726,80112,9637 E County Line Rd,CO,,,USA,USA
The Bikers Edge,Bristol,(860) 582-7770,6010,384 Farmington Avenue,CT,,,USA,USA
REI West Hartford,Hartford,(860) 233-2211,6107,71 Raymond Road,CT,,,USA,USA
REI Norwalk,Norwalk,(203) 838-1938,6854,189 Connecticut Ave,CT,,,USA,USA
Amity Bike,Woodbridge,(203) 387-6734,6525,18 Selden Street,CT,,,USA,USA
Bicycle Works,Middlebury,(203) 598-0005,6762,1255 Middlebury Rd # 13,CT,,,USA,USA
Mystic Cycle Center,Mystic,(860) 572-7433,6355,25 Stonington Rd.,CT,,,USA,USA
Sunshine Cycle Works,Colchester,(860) 537-2788,6415,467 S Main St # 2,CT,,,USA,USA
REI Grand Junction,Grand Junction,(970) 254-8970,81501,644 North Avenue,CO,,,USA,USA
REI Lakewood,Lakewood,(303) 932-0600,80123,5375 S. Wadsworth Blvd,CO,,,USA,USA
REI Westminster,Westminster,(720) 872-1938,80023,14696 Delaware Street,CO,,,USA,USA
Orange Peel Bikes,Steamboat Springs,(970) 879-2957,80487,1136 Yampa Avenue,CO,,,USA,USA
Roubaix Bicycle Company,Greeley,(970) 356-7617,80631,911 16th Street,CO,,,USA,USA
Niantic Bay Bicycles,Niantic,(860) 691-0757,6357,8 Methodist St # 1,CT,,,USA,USA
REI Fort Collins,Fort Collins,(970) 223-0123,80525,4025 S. College Ave,CO,,,USA,USA
VO2 Multisport,Louisville,(502) 290-7433,40207,131 Saint Matthews Avenue,KY,,,USA,USA
Bikes Etc,Bossier City,(318) 746-0174,71111,3723 East Texas Street,LA,,,USA,USA
The Bike Path,Mandeville,(985) 674-3254,70448,2641 Florida Street,LA,,,USA,USA
Red River Cyclery,Alexandria,(318) 473-4256,71303,3920 Jackson Street Ext,LA,,,USA,USA
Ata Cycle,Cambridge,(617) 354-0907,2140,1773 Massachusetts Avenue,MA,,,USA,USA
Landry's Bicycles,Natick,(508) 655-1990,1760,790 Worcester Street,MA,,,USA,USA
Main Street Bikes,Shelbyville,(502) 220-4136,40065,545 Main Street,KY,,,USA,USA
Cumberland Cycles,Somerset,(606) 677-1880,42503,3311 South Highway 27 # 5,KY,,,USA,USA
On Your Left Cycles,Louisville,(502) 749-6775,40204,618 Baxter Avenue,KY,,,USA,USA
Spin Zone Cycling Outfitters,Granger,(574) 243-4994,46530,51345 Bittersweet Road,IN,,,USA,USA
Dan's BMX,Mount Vernon,(812) 838-2000,47620,1 Competition Way,IN,,,USA,USA
Bicycle Outfitters Indy,Indianapolis,(317) 536-2420,46234,9067 Crawfordsville Rd,IN,,,USA,USA
Pro-Form Bike-Run-Swim Shop,South Bend,(574) 272-0129,46635,2202 South Bend Avenue,IN,,,USA,USA
DG Bicycles,Indianapolis,(317) 257-2453,46240,1407 East 86th Street,IN,,,USA,USA
Bicycle Garage Indy,Indianapolis,(800) 238-7389,46205,4130 E 82nd Street,IN,,,USA,USA
Arcadian Shop,Lenox,(413) 637-3010,1240,91 Pittsfield Rd,MA,,,USA,USA
Pinnacle Bikes,Beverly,(978) 922-7722,1915,45 Enon Street,MA,,,USA,USA
Bike Works,Swansea,(508) 677-0710,2777,179 Swansea Mall Drive,MA,,,USA,USA
Cycle to Fitness,Livonia,(734) 266-8203,48150,10960 Farmington Rd,MI,,,USA,USA
Bath Cycle and Ski,Woolwich,(207) 442-7002,4579,115 Main Street,ME,,,USA,USA
REI Timonium,Timonium,(410) 252-5920,21093,63 W Aylesbury Rd,MD,,,USA,USA
REI Rockville,Rockville,(301) 230-7670,20852,1701 Rockville Pike,MD,,,USA,USA
REI Columbia,Columbia,(410) 872-1742,21045,6100 Dobbin Rd,MD,,,USA,USA
REI College Park,College Park,(301) 982-9681,20740,9801 Rhode Island Ave,MD,,,USA,USA
Serge Performance Cycles,Lexington Park,(301) 737-0045,20653,21540 Great Mills Road,MD,,,USA,USA
The Bicycle Link,Weymouth,(781) 337-7125,2188,230 Washington Street,MA,,,USA,USA
Beverly Cycles,Beverly,(978) 338-5663,1915,132 Dodge St # 1,MA,,,USA,USA
Quad Cycles,Arlington,(781) 648-5222,2474,1043 Massachusetts Avenue,MA,,,USA,USA
REI Reading,Reading,(781) 944-5103,1867,279 Salem St,MA,,,USA,USA
REI Hingham,Hingham,(781) 740-9430,2043,"98 Derby St, Suite 470",MA,,,USA,USA
REI Framingham,Framingham,(508) 270-6325,1701,375 Cochituate Rd,MA,,,USA,USA
REI Boston,Boston,(617) 236-0746,2215,401 Park Dr,MA,,,USA,USA
Peterson's Bike Shop,Raynham,(508) 880-8851,2767,421 Route 44,MA,,,USA,USA
ATA Cycle,Concord,(978) 369-5960,1742,93 Thoreau St,MA,,,USA,USA
Custer Cyclery,Augusta,(269) 731-3492,49012,104 North Augusta Drive,MI,,,USA,USA
REI Schaumburg,Schaumburg,(847) 619-6729,60173,1209 East Golf Road,IL,,,USA,USA
Broadway Bicycle,Baltimore,(410) 276-8266,21231,415-417 South Broadway,MD,,,USA,USA
Get A Grip,Chicago,(773) 427-4747,60641,4359 W Irving Park Rd,IL,,,USA,USA
Champaign Cycle,Champaign,(217) 352-7600,61821,506 South Country Fair Drive,IL,,,USA,USA
Dj's Bike Doctor,Chicago,(773) 955-4400,60615,1500 East 55th Street,IL,,,USA,USA
Wild Trak Bikes,Alton,(618) 462-2574,62002,1001 East Broadway,IL,,,USA,USA
Cycles-N-Sports,Worth,(708) 361-0440,60482,6559 West 111th Street,IL,,,USA,USA
Wheels And Thrills,Blackfoot,(208) 785-7433,83221,61 N Broadway St,ID,,,USA,USA
Meridian Cycles,Meridian,(208) 884-1613,83642,830 N Main St,ID,,,USA,USA
REI Boise,Boise,(208) 322-1141,83704,8300 W Emerald St,ID,,,USA,USA
Joyride Cycles,Boise,(208) 947-0017,83702,1306 Alturas Street,ID,,,USA,USA
Bob's Bicycles,Boise,(800) 554-2627,83704,6681 West Fairview Avenue,ID,,,USA,USA
Best Bikes n Boards,Coeur d'Alene,(208) 665-7669,83814,802 East Best Avenue,ID,,,USA,USA
Ken's Bicycle Warehouse,Boise,(208) 376-9240,83709,10470 W Overland Rd,ID,,,USA,USA
Paradise Creek Bicycles,Moscow,(208) 882-0703,83843,513 South Main Street,ID,,,USA,USA
Salmon Idaho Cyclery,Salmon,(208) 756-7645,83467,705 South Daisy St,ID,,,USA,USA
Revolution Cycles,Rockville,(301) 424-0990,20852,1066 Rockville Pike,MD,,,USA,USA
Race Pace Bicycles,Owings Mills,(410) 581-9700,21117,9930 Reisterstown Road,MD,,,USA,USA
Joie De Velo,Lake Bluff,(847) 283-0999,60044,999 Sherwood Drive,IL,,,USA,USA
Irv's Bike Shop,Chicago,(312) 226-6330,60608,1725 South Racine Avenue,IL,,,USA,USA
REI Oakbrook Terrace,Oakbrook Terrace,(630) 574-7700,60181,17W160 22nd St,IL,,,USA,USA
REI Northbrook,Northbrook,(847) 480-1938,60062,888 Willow Road,IL,,,USA,USA
REI Lincoln Park,Chicago,(312) 951-6020,60642,1466 North Halsted Street,IL,,,USA,USA
Bike Chicago,Chicago,(312) 595-9600,60657,3240 N Sheffield Avenue # 1,IL,,,USA,USA
Park Schwinn Cyclery,Evergreen Park,(708) 422-6738,60805,3333 West 95th Street,IL,,,USA,USA
Iron Cycles,Chicago,(773) 539-4766,60625,3136 W Montrose Ave,IL,,,USA,USA
Bike Connection,Schaumburg,(847) 882-7728,60195,1226 North Roselle Road,IL,,,USA,USA
Circus Skatepark,Charles,(630) 584-8886,60174,3489 Swenson Ave. St,IL,,,USA,USA
Zion Cyclery,Zion,(847) 746-2200,60099,2750 Sheridan Road,IL,,,USA,USA
Orland Park Cyclery,Orland Park,(708) 460-2999,60462,14445 John Humphrey Drive,IL,,,USA,USA
The Bike Shop Glen Ellyn,Glen Ellyn,(630) 793-4030,60137,495 N Main St,IL,,,USA,USA
Smart Bike Parts,Chicago,(773) 384-3010,60647,3031 West Armitage Avenue,IL,,,USA,USA
Running Away Multisport,Deerfield,(847) 945-2929,60015,800 Waukegan Rd,IL,,,USA,USA
Rockford Bicycle Co,Loves Park,(815) 636-0664,61111,4169 North Perryville Road,IL,,,USA,USA
Turn Of The Wheel,Bradley,(815) 933-9152,60915,404 West Broadway Street,IL,,,USA,USA
Village Cycle Center,Chicago,(312) 751-2488,60610,1337 N. Wells St,IL,,,USA,USA
Little Ades Bicycles,Pekin,(309) 346-3900,61554,305 North 5th Street,IL,,,USA,USA
Speed Merchants,Rockford,(616) 866-2226,49341,106 E Bridge St,MI,,,USA,USA
Evergreen Cycles and Repair,East Lansing,(517) 337-2453,48823,314 Evergreen Avenue,MI,,,USA,USA
Bikes Blades and Boards,Grosse Pointe Park,(313) 885-1300,48230,17020 Mack Avenue,MI,,,USA,USA
Velocipede Peddler,East Lansing,(517) 351-7240,48823,2758 East Grand River Avenue,MI,,,USA,USA
D & D Bicycle & Fitness,Westland,(734) 522-9410,48185,8383 North Middlebelt Road,MI,,,USA,USA
Brick Wheels,Traverse City,(231) 947-4274,49686,736 East 8th Street,MI,,,USA,USA
Alfred E. Bike,Kalamazoo,(269) 349-9423,49007,320 East Michigan Avenue,MI,,,USA,USA
B-xtreme Cycle,Midland,(989) 835-1098,48640,605 Maples St,MI,,,USA,USA
Bike Shop Up,Houghton,(906) 487-9500,49931,52 Huron Street,MI,,,USA,USA
Striders,Grandville,(616) 261-9706,49418,4045 Chicago Drive Southwest,MI,,,USA,USA
Freewheeler Bike Shop,Wyoming,(616) 451-8011,49509,4145 Michael Ave Sw,MI,,,USA,USA
Rock 'n' Road Cycle,Grand Haven,(616) 846-2800,49417,300 North 7th Street,MI,,,USA,USA
Slingshot Bicycle Company,Grand Rapids,(616) 233-6813,49503,342 Market Ave SW # 200,MI,,,USA,USA
Island Park Cycles,Fargo,(701) 280-1796,58102,425 Broadway N,ND,,,USA,USA
REI Asheville,Asheville,(828) 687-0918,28803,31 Schenck Parkway,NC,,,USA,USA
REI Raleigh,Raleigh,(919) 571-5031,27609,4291 The Circle at North Hills,NC,,,USA,USA
Performance Inc.,Chapel Hill,(919) 933-9113,27517,144 Old Lystra Road,NC,,,USA,USA
Epic Cycles,Black Mountain,(828) 669-5969,28711,102 Sutton Avenue,NC,,,USA,USA
Bicycles East,Matthews,(704) 814-7433,28105,195 N Trade St,NC,,,USA,USA
Carolina Fatz,Asheville,(828) 665-7744,28806,1240 Brevard Road #3,NC,,,USA,USA
Bike Depot of Waxhaw,Waxhaw,(704) 256-4126,28173,122 West North Main Street,NC,,,USA,USA
Cycletherapy,Lewisville,(336) 712-2862,27023,1347 Lewisville Clemmons Road,NC,,,USA,USA
Bike Cycles,Wilmington,(910) 256-2545,28405,6801 Parker Farm Dr #145,NC,,,USA,USA
Liberty Bicycles,Asheville,(828) 274-2453,28803,1378 Hendersonville Road,NC,,,USA,USA
Two Wheeler Dealer,Wilmington,(910) 799-6444,28403,4408 Wrightsville Avenue,NC,,,USA,USA
Bicycle Toy and Hobby,High Point,(336) 887-1933,27262,2000 North Main Street,NC,,,USA,USA
REI Cary,Cary,(919) 233-8444,27518,255 Crossroads Blvd,NC,,,USA,USA
REI Charlotte,Charlotte,(704) 921-0320,28216,9755 Northlake Centre Pkwy.,NC,,,USA,USA
Spinz Bike Shop,High Point,(336) 861-6480,27263,3029 South Main Street,NC,,,USA,USA
Carolina Bicycle Company,Huntersville,(704) 766-0111,28078,311 Gilead Road,NC,,,USA,USA
Recycles Bike Shop,Greensboro,(336) 420-2569,27403,908a Spring Garden Street,NC,,,USA,USA
Hawley's Bicycle World,Fayetteville,(910) 425-3145,28304,4784 Raeford Road,NC,,,USA,USA
The Cycle Path,Cornelius,(704) 896-3331,28031,20900 North Main Street,NC,,,USA,USA
Clemmons Bicycle,Clemmons,(336) 766-5564,27012,2703 Lewisville Clemmons Road,NC,,,USA,USA
Queen City Bicycles,Charlotte,(704) 522-7006,28203,1408 East Boulevard,NC,,,USA,USA
Bicycle Sport,Charlotte,(704) 335-0323,28209,2916 Selwyn Ave # A,NC,,,USA,USA
South Park Cycles,Charlotte,(704) 522-7006,28217,5121 South Blvd,NC,,,USA,USA
REI Pineville,Pineville,(704) 341-7405,28134,11067 Carolina Place Parkway,NC,,,USA,USA
REI Greensboro,Greensboro,(336) 323-3117,27410,"3334 West Friendly Avenue, Suite 140",NC,,,USA,USA
REI Durham,Durham,(919) 806-3442,27713,6911 Fayetteville Road,NC,,,USA,USA
Cycles De Oro,Greensboro,(336) 274-5959,27408,1410 Mill Street #100,NC,,,USA,USA
Uptown Cycles,Charlotte,(704) 632-7440,28208,1432 West Morehead Street,NC,,,USA,USA
REI Ann Arbor,Ann Arbor,(734) 827-1938,48103,970 West Eisenhower Parkway,MI,,,USA,USA
Springfield Bicycle,Springfield,(417) 883-8100,65807,3201 South Campbell Avenue,MO,,,USA,USA
Bicycle Shack,Kansas City,(816) 761-3233,64134,10415 Blue Ridge Boulevard,MO,,,USA,USA
Bike Stop Bicycle Stores,Lee's Summit,(816) 525-8686,64081,248 Northwest Oldham Parkway,MO,,,USA,USA
Freewheel Bike,Minneapolis,(612) 339-2219,55454,1812 South 6th Street,MN,,,USA,USA
REI Maple Grove,Maple Grove,(763) 493-7861,55369,11581 Fountains Drive,MN,,,USA,USA
The Hub Bike Co-Op,Minneapolis,(612) 729-0437,55406,3020 Minnehaha Avenue,MN,,,USA,USA
Trail Cycle,Forest Lake,(651) 464-5664,55025,836 Lake Street South,MN,,,USA,USA
Penn Cycle,Bloomington,(952) 888-1427,55437,3916 West Old Shakopee Road,MN,,,USA,USA
Erik's Bike Shop,Bloomington,,55431,9201 PENN AVE S,MN,,,USA,USA
Twin Ports Cyclery,Duluth,(218) 624-4008,55806,2914 West 3rd Street,MN,,,USA,USA
Hollywood Cycles,Minneapolis,(952) 881-4707,55420,722 West 98th Street,MN,,,USA,USA
Allied Cycle Shop,Eastpointe,(586) 772-3411,48021,23101 Gratiot Ave,MI,,,USA,USA
REI Troy,Troy,(248) 689-4402,48083,766 E Big Beaver Rd,MI,,,USA,USA
REI Northville,Northville,(248) 347-2100,48168,17559 Haggerty Rd,MI,,,USA,USA
Revolution Cycles,Washington,(636) 390-9999,63090,22 Whispering Oaks Dr,MO,,,USA,USA
Epic Adventure Outpost,St Robert,(573) 336-8880,65584,690 Missouri Ave Ste 4,MO,,,USA,USA
The Hub Bicycle Company,St. Louis,(314) 963-0300,63119,40 West Lockwood Avenue,MO,,,USA,USA
Glacier Cyclery,Whitefish,(406) 862-6446,59937,326 2nd St E,MT,,,USA,USA
REI Bozeman,Bozeman,(800) 426-4840,59718,2220 Tschache Street,MT,,,USA,USA
REI Missoula,Missoula,(406) 829-0432,59808,3275 N Reserve St,MT,,,USA,USA
Windsong Bicycle Shop,Salisbury,(704) 637-6955,28147,2702 South Main Street,NC,,,USA,USA
Coastal Bike Supply,Wendell,(919) 366-1900,27591,422 Old Wilson Road,NC,,,USA,USA
Bicycle Post,Greenville,(252) 756-3301,27858,215 E Arlington Blvd,NC,,,USA,USA
The Right Gear,Kannapolis,(704) 786-2453,28083,863 Cloverleaf Plz,NC,,,USA,USA
REI St. Louis,St. Louis,(314) 918-1004,63144,1703 S Brentwood Blvd.,MO,,,USA,USA
Bike Junkie,Bethpage,(516) 932-7271,11714,272 Broadway # 3,NY,,,USA,USA
Manny Bike Shop,New York,(212) 927-8501,10033,8 Bennett Ave #8,NY,,,USA,USA
Towpath Bike Shop,Pittsford,(585) 381-2808,14534,3 Schoen Place,NY,,,USA,USA
Tread Bike Shop,New York,(212) 544-7055,10034,225 Dyckman Street,NY,,,USA,USA
Aspen Creek Cycling,Henderson,(702) 893-2453,89012,"Ste E, 1550 West Horizon Ridge Parkway",NV,,,USA,USA
REI Henderson,Henderson,(702) 896-7111,89052,2220 Village Walk Drive Suite 150,NV,,,USA,USA
REI Las Vegas-Boca Park,Las Vegas,(702) 951-4488,89145,710 S Rampart Blvd,NV,,,USA,USA
REI Reno,Reno,(775) 828-9090,89502,2225 Harvard Way,NV,,,USA,USA
Reno Cycling and Fitness,Reno,(775) 826-0803,89511,5260 Longley Lane,NV,,,USA,USA
The Bicycle Rack,New Paltz,(845) 255-1770,12561,13 North Front Street,NY,,,USA,USA
Sid's Bike Shop,New York,(212) 213-8360,10016,235 East 34th Street,NY,,,USA,USA
Brands Cycle and Fitness,Wantagh,(800) 649-3739,11793,1966 Wantagh Avenue,NY,,,USA,USA
Handlebars Cycle Co,Buffalo,(716) 835-0334,14223,685 Englewood Avenue,NY,,,USA,USA
Bikeway Inc,Wappingers Falls,(845) 463-7433,12590,1581 New York 376,NY,,,USA,USA
Niagara Cycle Works,Lewistown,(716) 278-9599,14092,4682 Hickory,NY,,,USA,USA
9th Street Cycles,Brooklyn,(718) 768-2453,11215,375 9th Street,NY,,,USA,USA
Bike Stop,Astoria,(718) 278-2453,11103,37-19 28th Avenue,NY,,,USA,USA
Jamestown Cycle Shop,Jamestown,(716) 664-4112,14701,10 Harrison Street,NY,,,USA,USA
Cigi Bicycle Shop,Jackson Heights,(718) 457-1093,11372,9107 37th Avenue,NY,,,USA,USA
Sapel Bicycles,Brooklyn,(718) 646-9430,11235,2679 Coney Island Ave.,NY,,,USA,USA
Peak Mountain Bike Pro Shop,Douglaston,(718) 225-5119,11363,42-42 235th Street,NY,,,USA,USA
Bikeworks,Greenvale,(516) 484-4422,11548,7 Northern Blvd # B,NY,,,USA,USA
Toga Bike Shop,New York,(212) 799-9625,10023,110 W End Ave # 1,NY,,,USA,USA
Sunrise Tri,West Babylon,(631) 587-6200,11704,520 Sunrise Highway,NY,,,USA,USA
Overlook Mountain Bikes,Woodstock,(845) 679-2122,12498,93 Tinker St,NY,,,USA,USA
Gotham Bikes,New York,(212) 732-2453,10013,112 West Broadway,NY,,,USA,USA
Chelsea Bicycles Corporation,New York,(646) 230-7715,10001,130 West 26th Street,NY,,,USA,USA
Biker Bob,Hamilton,(513) 523-1316,45013,800 State Rd,OH,,,USA,USA
Rocky Point Cycle,Rocky Point,(631) 744-5372,11778,664 Route 25A,NY,,,USA,USA
Toga Bike Shop,Nyack,(845) 358-3455,11778,530 N HIGHLAND AVE,NY,,,USA,USA
Cycle Fast USA,Huntington Station,(631) 271-0800,11746,643 East Jericho Turnpike,NY,,,USA,USA
Modsquad Cycles,New York,(212) 865-5050,10026,2119 Frederick Douglass Blvd.,NY,,,USA,USA
Fulton Bicycles,Brooklyn,(718) 778-2887,11213,1580 Fulton Street,NY,,,USA,USA
Al's Cycle Solutions,New York,(212) 247-3300,10036,693 10th Ave,NY,,,USA,USA
Raber's Bike Shop,Millersburg,(330) 674-3186,44654,6515 Ohio 241,OH,,,USA,USA
Ernie's Bicycle Shop,Massillon,(330) 832-5111,44647,135 Lake Avenue Northwest,OH,,,USA,USA
Sid's Bikes,New York,(212) 989-1060,10011,151 W 19th St,NY,,,USA,USA
Strictly Bicycles,Fort Lee,(201) 944-7074,7024,2347 Hudson Terrace,NJ,,,USA,USA
REI Marlton,Marlton,(856) 810-1938,8053,501 Route 73 South,NJ,,,USA,USA
REI East Hanover,East Hanover,(973) 581-1938,7936,280 State Route 10,NJ,,,USA,USA
James Vincent Bicycles,North Bergen,(201) 869-1901,7047,8505 Bergenline Ave,NJ,,,USA,USA
Cycle Sport Inc,Park Ridge,(201) 391-5269,7656,1 Hawthorne Avenue,NJ,,,USA,USA
Highland Mountain Bike Park,Northfield,(603) 286-7677,3276,75 Ski Hill Drive,NE,,,USA,USA
The Bike Way,Omaha,(402) 392-2390,68144,15115 Industrial Road,NE,,,USA,USA
Recycle Bike Shop,Omaha,(402) 344-7253,68106,4521 Krug Ave,NE,,,USA,USA
Fat Tire Cycles,Albuquerque,(505) 345-9005,87107,421 Montano Rd NE # B,NM,,,USA,USA
REI Bloomington,Bloomington,(952) 884-4315,55420,750 W American Blvd,NM,,,USA,USA
We Keep You Cycling,Reno,800-940-9592,89502,3207 S Virginia St G12 #308,NV,,,USA,USA
Bike Shop,Henderson,(702) 897-1618,89074,2578 Wigwam Parkway,NV,,,USA,USA
All Mountain Cyclery,Boulder City,(702) 453-2453,89005,1404 Nevada Hwy Ste C,NV,,,USA,USA
Pro Cyclery,Las Vegas,(702) 228-9460,89117,7034 West Charleston Boulevard,NV,,,USA,USA
Bicycle Bananas,Reno,(775) 747-1413,89523,5110 Mae Anne Avenue Suite #702,NV,,,USA,USA
Las Vegas Cyclery,Las Vegas,(702) 596-2953,89117,8221 West Charleston Boulevard,NV,,,USA,USA
Bike King,Las Vegas,(702) 438-4113,89139,7645 S Rainbow Blvd Ste 100.,NV,,,USA,USA
Cycle Cave,Albuquerque,(505) 884-6607,87110,5716 Menaul Boulevard Northeast,NM,,,USA,USA
Erik's Bike and Board Shop,Bloomington,(852) 886-0800,55431,9201 Penn Ave. S. #1,MN,,,USA,USA
Mellow Velo,Santa Fe,(505) 995-8356,87505,621 Old Santa Fe Trail,NM,,,USA,USA
REI Santa Fe,Santa Fe,(505) 982-3557,87501,"500 Market Street, Suite 100",NM,,,USA,USA
REI Albuquerque,Albuquerque,(505) 247-1191,87107,1550 Mercantile Ave NE,NM,,,USA,USA
The Great Escape Bicycles,Spartanburg,(864) 574-5273,29301,105 Franklin Avenue,SC,,,USA,USA
Rock Hill Bike Shop,Rock Hill,(803) 980-7427,29732,1636 Ebenezer Road,SC,,,USA,USA
The Bicycle Shoppe,Charleston,(843) 722-8168,29401,280 Meeting Street,SC,,,USA,USA
The Great Escape Bicycles,Greenville,(864) 235-8320,29607,1426 Laurens Rd,SC,,,USA,USA
Glory Cycles,Greenville,(803) 334-4162,29601,200 Westfield Street,SC,,,USA,USA
The Great Escape Bicycles,Anderson,(864) 226-4579,29621,2714 N Main St,SC,,,USA,USA
Bicycles-N-Gear,Myrtle Beach,(843) 626-2453,29577,515 Highway 501 Ste C,SC,,,USA,USA
Bike Worx,Spartanburg,(864) 542-2453,29302,1321 Union Street,SC,,,USA,USA
South Lake Cycles,Lexington,(803) 359-2925,29073,1223-G South Lake Drive,SC,,,USA,USA
The Bicycle Shop,State College,(814) 238-9422,16801,441 W College Ave,PA,,,USA,USA
Velo Europa,Haverford,(610) 896-0388,19041,153 Allgates Dr,PA,,,USA,USA
Genesis Bicycles,Easton,(610) 253-1140,18042,126 Bushkill Street,PA,,,USA,USA
Cutters Bike Shop,Bethlehem,(610) 419-4027,18015,418 E 3rd St,PA,,,USA,USA
REI Conshohocken/Plymouth Meeting,Conshohocken,(610) 940-0809,19428,200 W Ridge Pike Ste 115,PA,,,USA,USA
REI Pittsburgh,Pittsburgh,(412) 488-9410,15203,412 S. 27th Street,PA,,,USA,USA
REI Pittsburgh - Settlers Ridge,Pittsburgh,(412) 747-1180,15205,600 Settlers Ridge Center Dr.,PA,,,USA,USA
Pedal Power Bicycle Shop,Middletown,(401) 846-7525,2842,879 West Main Road,RI,,,USA,USA
REI Cranston,Cranston,(401) 275-5250,2920,22 Chapel View Boulevard,RI,,,USA,USA
Harrell's Bicycle World,Columbia,(803) 798-2020,29210,2515 Broad River Road,SC,,,USA,USA
Outspokin Bicycles,Columbia,(803) 254-9797,29205,3223 Devine Street,SC,,,USA,USA
REI Brentwood,Brentwood,(615) 376-4248,37027,261 Franklin Rd,TN,,,USA,USA
Outdoors Inc,Memphis,(901) 324-2506,38122,610 National Street,TN,,,USA,USA
The Bike Shop,Johnson City,(423) 926-2453,37601,3208 Bristol Highway,TN,,,USA,USA
Bikes Plus,Memphis,(901) 385-8788,38133,7780 US Highway 64 # 108,TN,,,USA,USA
Cedar Bluff Cycles,Knoxville,(865) 692-1010,37922,9282 Kingston Pike,TN,,,USA,USA
Trailhead Bicycle Company,Cleveland,(423) 472-9899,37311,225 1st St NE,TN,,,USA,USA
Fitness,Rapid City,(605) 343-0524,57701,100 E Blvd North,SD,,,USA,USA
Rushmore Bicycles,Spearfish,(605) 642-2885,57783,505 North Main Street,SD,,,USA,USA
Suck Creek Cycles,Chattanooga,(423) 266-8883,37405,319 Cherokee Blvd,TN,,,USA,USA
West Bicycles,Knoxville,(865) 671-7591,37934,11531 Kingston Pike,TN,,,USA,USA
Sunshine Cycle Shop,Greenville,(864) 244-2925,29609,1826 North Pleasantburg Drive,SC,,,USA,USA
Bike To Nature,Lexington,(803) 808-3551,29072,5182 Sunset Blvd,SC,,,USA,USA
Cranky Jeff's,Rapid City,(605) 716-0826,57701,519 6th Street,SD,,,USA,USA
Acme Bicycles,Rapid City,(605) 343-9534,57702,1727 W Main St,SD,,,USA,USA
Saucon Valley Bikes,Hellertown,(610) 838-1500,18055,824 Main Street,PA,,,USA,USA
Harper's Bike Shop,Knoxville,(865) 588-5744,37919,118 South Northshore Drive,TN,,,USA,USA
Owen Cyclery,Hixson,(423) 875-6811,37343,1920 Northpoint Boulevard,TN,,,USA,USA
The Bikers Choice,Hendersonville,(615) 822-2512,37075,709 West Main Street,TN,,,USA,USA
Eastside Cycles,Nashville,(615) 469-1079,37206,103 South 11th Street,TN,,,USA,USA
Abington Wheel Wright Bike Shop,Abington,(215) 884-6331,19001,1120 Old York Road,PA,,,USA,USA
Ride On Bicycles,Greenville,(864) 284-0040,29607,1616 Woodruff Road,SC,,,USA,USA
Fat Tire Farm,Portland,(503) 222-3276,97210,2714 Northwest Thurman Street,OR,,,USA,USA
Sunnyside Sports,Bend,(541) 382-8018,97701,930 Northwest Newport Avenue,OR,,,USA,USA
Collins Cycle Shop,Eugene,(541) 342-4878,97401,60 East 11th Avenue,OR,,,USA,USA
Cycle Path - Portland,Portland,(503) 281-0485,97212,2436 Northeast M L King Boulevard,OR,,,USA,USA
Tom's Rivertrail,Tulsa,(918) 481-1818,73102,6861 South Peoria Avenue,OK,,,USA,USA
Schlegel Bicycles,Oklahoma City,(405) 232-4040,73102,900 North Broadway,OK,,,USA,USA
XSportsProtective,Chagrin Falls,(800) 930-4084,44023,"7207 Chagrin Road, Suite 1",OH,,,USA,USA
Bike Nashbar,Canfield,,44406,6103 State Route 446,OH,,,USA,USA
G T Wheels,Findlay,(419) 423-2665,45840,229 South Main Street,OH,,,USA,USA
Outdoor Recreational Equipment,Youngstown,(330) 782-2004,44512,5316 Market Street,OH,,,USA,USA
Carolina Triathlon,Greenville,(864) 331-8483,29601,928 S Main St,SC,,,USA,USA
Universal Cycles,Portland,(800) 936-5156,97214,2202 E. Burnside St.,OR,,,USA,USA
National Velo,Pittsburgh,(724) 941-5329,15205,6514 Steubenville Pike,PA,,,USA,USA
Competitive Gear,Erie,(814) 833-8274,16505,3501 W 12th St,PA,,,USA,USA
Freeze Thaw Cycles,State College,(814) 272-0178,16801,109 South Allen Street,PA,,,USA,USA
Iron City Bikes,Pittsburgh,(412) 681-1310,15213,331 South Bouquet Street,PA,,,USA,USA
JB Mountain Bikes,Shillington,(610) 777-5253,19607,211 West Lancaster Avenue,PA,,,USA,USA
Scholls Bikes,West View,(412) 931-6711,15229,649 Center Avenue,PA,,,USA,USA
Rothrock Outfitters,Huntingdon,(814) 643-7226,16652,418 Penn Street,PA,,,USA,USA
REI Tualatin,Tigard,(503) 624-8600,97224,7410 SW Bridgeport Rd,OR,,,USA,USA
REI Portland,Portland,(503) 221-1938,97209,1405 Northwest Johnson Street,OR,,,USA,USA
REI Hillsboro,Hillsboro,(503) 617-6072,97124,2235 NW Allie Avenue,OR,,,USA,USA
REI Eugene,Eugene,(541) 465-1800,97401,306 Lawrence St,OR,,,USA,USA
REI Clackamas,Portland,(503) 659-1156,97086,12160 SE 82nd Avenue,OR,,,USA,USA
REI Bend,Bend,(541) 385-0594,97702,380 Powerhouse Dr.,OR,,,USA,USA
Fort Worth Cycling and Fitness,Fort Worth,(817) 244-7911,76116,3315 South Cherry Lane,TX,,,USA,USA
Sun Country Bicycles,Temple,(254) 771-2004,76504,1719 W Avenue M Ste C,TX,,,USA,USA
Dallas Bike Works,Dallas,(214) 343-2453,75214,4875 West Lawther Drive,TX,,,USA,USA
Bike Masters,Mission,(956) 682-2453,78572,2801 East Griffin Parkway,TX,,,USA,USA
Colonel's Bicycles,Fort Worth,(817) 924-1333,76109,3053 South University Drive,TX,,,USA,USA
North Texas Bikes,Aubrey,(972) 347-5337,76227,26772 US Highway 380 E # C,TX,,,USA,USA
Broadway Bikes,Lubbock,(806) 749-2453,79401,2420 Broadway # A,TX,,,USA,USA
Bicycles Outback,Waco,(254) 772-2453,76710,4707 West Waco Drive,TX,,,USA,USA
Bay Area Bicycles,Corpus Christi,(361) 993-7000,78412,6020 S Padre Island Dr,TX,,,USA,USA
Bicycle World of West U,Houston,(713) 529-0140,77005,2519 Rice Blvd,TX,,,USA,USA
Knobbies and Slicks,Colleyville,(817) 281-4957,76034,8300 Precinct Line Road #110,TX,,,USA,USA
Bicycles Plus,Flower Mound,(214) 513-2604,75022,1901 Long Prairie Rd # 104,TX,,,USA,USA
Elite Bicycles of Tyler,Tyler,(903) 534-9998,75701,610 Shelley dr.,TX,,,USA,USA
REI Austin-Gateway,Austin,(512) 343-5550,78759,9901 N Capitol of Texas Hwy,TX,,,USA,USA
REI Austin-Downtown,Austin,(512) 482-3357,78703,601 N. Lamar Blvd,TX,,,USA,USA
REI Dallas,Dallas,(972) 490-5989,75244,4515 Lbj Fwy,TX,,,USA,USA
REI Houston-Galleria,Houston,(713) 353-2582,77063,7538 Westheimer Rd,TX,,,USA,USA
REI Houston-Willowbrook,Houston,(832) 237-8833,77064,17717 Tomball Parkway,TX,,,USA,USA
REI Round Rock,Round Rock,(512) 255-1938,78664,201 University Oaks Blvd #1100,TX,,,USA,USA
DFC Cycles,Lubbock,(806) 796-2453,79413,6701 Indiana Ave # D,TX,,,USA,USA
West End Bicycles,Houston,(713) 861-2271,77007,5427 Blossom,TX,,,USA,USA
Bike World,San Antonio,(210) 828-5558,78209,5911 Broadway,TX,,,USA,USA
Blackwater Bike Shop,Lynchburg,(434) 385-7047,24502,18869 Forest Road,VA,,,USA,USA
REI Bailey's Crossroads,Baileys Crossroads,(703) 379-9400,22041,3509 Carlin Springs Rd,VA,,,USA,USA
REI Fairfax,Fairfax,(571) 522-6568,22030,11950 Grand Commons Ave,VA,,,USA,USA
REI Richmond-Short Pump,Glen Allen,(804) 360-1381,23060,2020 Old Brick Rd.,VA,,,USA,USA
Skirack,Burlington,(800) 882-4530,5401,85 Main Street,VT,,,USA,USA
Gregg's Greenlake Cycle,Seattle,(206) 523-1822,98115,7007 Woodlawn Ave NE,WA,,,USA,USA
Speedy Reedy,Seattle,(206) 632-9879,98103,1300 N Northlake Way,WA,,,USA,USA
Center Cycle,Renton,(425) 228-3661,98057,3950 Lind Avenue Southwest,WA,,,USA,USA
Spokes Etc,Alexandria,(703) 820-2200,22302,1545 North Quaker Lane,VA,,,USA,USA
Bikes Unlimited,Williamsburg,(757) 229-4620,23185,141 Monticello Ave,VA,,,USA,USA
Spokes Etc,Vienna,(703) 281-2004,22180,224 Maple Avenue East,VA,,,USA,USA
A-1 Cycling,Herndon,(703) 793-0400,20171,2451-I3 Centreville Road,VA,,,USA,USA
Spokes Etc.,Alexandria,(703) 765-8005,22307,1506 Belle View Boulevard,VA,,,USA,USA
Black Bar Bicycles,Winchester,(540) 535-0188,22601,3113 Valley Ave # 112,VA,,,USA,USA
Just the Right Gear,Salem,(540) 384-7800,24153,2265 Catawba Valley Drive,VA,,,USA,USA
Revolution Cycles,Arlington,(703) 312-0007,22201,2731 Wilson Boulevard,VA,,,USA,USA
Bikebeat,Williamsburg,(757) 229-0096,23081,4640 9b Monticello Ave,VA,,,USA,USA
Endorphin Fitness,Richmond,(804) 741-1599,23229,8910 Patterson Ave,VA,,,USA,USA
REI Plano,Plano,(972) 985-2241,75093,2424 Preston Road,TX,,,USA,USA
Cycology Bicycles,Maryville,(865) 681-4183,37804,2408 East Lamar Alexander Parkway,TN,,,USA,USA
Lone Star Bicycles,Houston,(281) 256-1090,77058,18240 Nassau Bay Dr.,TX,,,USA,USA
Bicycle Sport Shop,Austin,(512) 477-3472,78704,517 South Lamar Boulevard,TX,,,USA,USA
Border Sports,El Paso,(915) 351-3515,79905,220 North Copia Street,TX,,,USA,USA
Fort Worth Cycling and Fitness,Fort Worth,(817) 244-7911,76116,3315 South Cherry Lane,TX,,,USA,USA
Bicycle World,Houston,(281) 556-0923,77079,14536 Memorial Drive,TX,,,USA,USA
Cycle Spectrum,Dallas,(281) 583-5466,75238,9848 Robin Hill Ln,TX,,,USA,USA
Richardson Bike Mart,Richardson,(972) 231-3993,75080,1451 West Campbell Road,TX,,,USA,USA
Sugar Cycles,Missouri City,(281) 261-2900,77459,5330 Hwy 6 Ste. 108,TX,,,USA,USA
Cumberland Transit,Nashville,(615) 321-4069,37203,2807 West End Ave # C,TN,,,USA,USA
Peddler Bicycle Shop,Memphis,(901) 327-4833,38111,575 South Highland Street,TN,,,USA,USA
Buck's Bikes Superstore,Austin,(512) 250-9550,78759,12530 Research Boulevard,TX,,,USA,USA
Transit Bikes???,Dallas,(214) 219-2453,75204,3839 McKinney Avenue #155,TX,,,USA,USA
Texoma Cycling Center,Wichita Falls,(940) 723-7230,76306,502 Wichita Street,TX,,,USA,USA
Bicycle World,Harlingen,(956) 423-3168,78550,1113 South 77 Sunshine Strip,TX,,,USA,USA
Bike City,San Antonio,(210) 348-8080,78216,7115 Blanco Road # 112,TX,,,USA,USA
Bikeland,Shenandoah,(281) 362-9253,77385,19189 Interstate 45 S # B,TX,,,USA,USA
Crazy Cat Cyclery,El Paso,(915) 577-9666,79902,2625 North Mesa St # B,TX,,,USA,USA
Shama Cycles,Houston,(713) 812-7794,77055,1110 North Post Oak Road,TX,,,USA,USA
Bike Barn,Houston,(713) 869-7100,77007,5411 Darling Street,TX,,,USA,USA
Jack and Adam's Bicycles,Austin,(512) 472-5646,78704,1210 Barton Springs Road,TX,,,USA,USA
Bicycle Heaven,San Antonio,(210) 494-0035,78213,1931 NW Military,TX,,,USA,USA
Ride Away Bicycles,San Antonio,(210) 495-2453,78232,2838 N Loop 1604 E # 104.,TX,,,USA,USA
Rockwall Cycling,Rockwall,(972) 771-8297,75032,832 Steger Towne Road,TX,,,USA,USA
Britton Bicycle Shop,San Antonio,(210) 656-1655,78232,16636 San Pedro Avenue,TX,,,USA,USA
REI Tacoma,Tacoma,(253) 671-1938,98409,3825 S Steele St,WA,,,USA,USA
Stadium Bike,Green Bay,(920) 499-3400,54303,2150 W Mason St,WI,,,USA,USA
Brone's Bike Shop,Fountain City,(608) 687-8601,54629,615 S Main St # 35,WI,,,USA,USA
Machinery Row Bicycles,Madison,(608) 442-5974,53703,601 Williamson Street,WI,,,USA,USA
REI Spokane,Spokane,(509) 328-9900,99201,1125 N Monroe St,WA,,,USA,USA
REI Southcenter-Tukwila,Tukwila,(206) 248-1938,98188,240 Andover Park W,WA,,,USA,USA
REI Olympia,Olympia,(360) 786-1938,98502,625 Black Lake Boulevard Southwest,WA,,,USA,USA
REI Kennewick,Kennewick,(509) 734-8989,99336,129 N Ely St,WA,,,USA,USA
REI Issaquah,Issaquah,(425) 313-1660,98027,735 Northwest Gilman Blvd,WA,,,USA,USA
REI Bellingham,Bellingham,(360) 647-8955,98225,400 36th St,WA,,,USA,USA
Crank Worx Bike Shop,River Falls,(715) 629-7246,54022,122 S Main St,WI,,,USA,USA
Atkins Verona Bicycle Shoppe,Verona,(608) 845-6644,53593,517 Half Mile Road,WI,,,USA,USA
REI Seattle Flagship,Seattle,(206) 223-1944,98109,222 Yale Ave N,WA,,,USA,USA
REI Madison,Madison,(608) 833-6680,53719,7483 W Towne Way,WI,,,USA,USA
REI Brookfield,Brookfield,(262) 783-6150,53005,13100 W Capitol Dr,WI,,,USA,USA
Eau Claire Bike and Sport,Eau Claire,(715) 832-6149,54703,403 Water Street,WI,,,USA,USA
Wheel and Sprocket,Delafield,(262) 646-6300,53018,528 Wells Street,WI,,,USA,USA
REI Alderwood,Lynnwood,(425) 640-6200,98037,3000 184th St SW Ste 952,WA,,,USA,USA
Melonbike,Oklahoma City,405-602-3310,73107,3021 North Portland Avenue,OK,,,USA,USA
New River Bikes,Fayetteville,(304) 574-2453,25840,221 North Court Street,WV,,,USA,USA
Cronometro,Madison,(608) 243-7760,53703,1402 Williamson Street,WI,,,USA,USA
Alpha Bikes,Alpharetta,770-410-1928,30009,11770 Haynes Bridge Road,GA,,,USA,USA
Bike Effect,Santa Monica,(310) 393-4348,90401,910 Broadway #100,CA,,,USA,USA
Blue Sky Cycling,Huntington Park,1-800-585-4137,90255,2530 Randolph St.,CA,,,USA,USA
Moab Cyclery,Moab,(800) 559-1978,84532,391 South Main Street,UT,,,USA,USA
2nd Ave Sports,Durango,970-247-4511,81301,600 E 2nd Ave,CO,,,USA,USA
Over The Edge in Hurricane,Hurricane,435-635-5455,84737,76 East 100 South,UT,,,USA,USA
"Routes Rentals &#038; Tours, Inc",Albuquerque,505-933-5667,87102,1102 Mountain Rd NW,NM,,,USA,USA
Charleston Bicycle Center,Charleston,(304) 925-8348,25304,409 53rd Street Southeast,WV,,,USA,USA
Liberty Lake Cycle Sports,Liberty Lake,(509) 893-2453,99019,1318 North Liberty Lake Road,WA,,,USA,USA
REI Redmond Town Center,Redmond,(425) 882-1158,98052,7500 166th Ave NE,WA,,,USA,USA
Herriott Sports Performance,Seattle,(206) 816-3436,98109,101 Nickerson St # 150,WA,,,USA,USA
Montlake Bike Shop,Seattle,(206) 329-7333,98112,2223 24th Avenue East,WA,,,USA,USA
Branford Bike,Seattle,(206) 323-1218,98102,2404 10th Avenue East,WA,,,USA,USA
Bicycle Center,Everett,(425) 337-3509,98203,4704 Evergreen Way # A,WA,,,USA,USA
South Lyon Cycle,South Lyon,248-437-0500,48178,209 S. Lafayette,MI,,,USA,USA
Greyhair Bike Repair,Green River,(307) 875-1445,82935,1500 North Riverbend Drive,WY,,,USA,USA
Rock On Wheels,Cheyenne,(307) 637-0020,82001,900 East Lincolnway,WY,,,USA,USA
Big Poppi Bicycle Company,Manhattan,(785) 537-3737,66502,1126 Moro St,KS,,,USA,USA
DJBennett,Washington,(202) 524-4488,20015,5335 Wisconsin Ave. NW,DC,,,USA,USA
Mac's Harpeth Bikes,Franklin,615.472.1002,37064,1110 Hillsboro Rd B230,TN,,,USA,USA
Cycle Logic,San Antonio,210-490-8251,78247,12319 Wetmore Road,TX,http://www.cyclelogicbikeshop.com,,USA,USA
Salvagetti Bicycle Shop,Denver,(303) 691-5595,80211,3800 Irving St.,CO,,,USA,USA
Martin's Bicycle,Dundee,607-243-7167,14837,4912 John Green Rd,NY,,,USA,USA
The Bicycle Doctor,Norcross,770-825-0080,30071,"2910 Cole Court, Suite D",GA,,,USA,USA
Bens Cycle & Fitness,Milwaukee,1.888.275.5111,53215,1018 W. Lincoln Ave,WI,http://www.benscycle.com,,USA,USA
Arts Cyclery,San Luis Obispo,1-800-626-3440,93401,181 Suburban Road,CA,http://www.artscyclery.com/,,USA,USA
2 Wheeler Dealer Bicycles,Brea,(714) 671-1730,92821,1039 E. Imperial Hwy.  #F-3,CA,,,USA,USA
University Bicycle Center ,Tampa,813 971-2277,33612,1220 E. Fletcher Ave,FL,www.ubcbike.com,ubc@ubcbike.com,USA,USA
Element Cycles,Redmond,425-881-8442,98052,8215 160th Ave. NE,WA,http://www.elementcycles.net,info@elementcycles.net,USA,USA
Fenix Cycling,Yorba Linda,714-692-2502,92887,"23681 La Palma Ave, Suite B",CA,http://www.fenixcycling.com,,USA,USA
Moab Classic Bike,Moab,(310) 756-2389,84532,69 E. CENTER STREET,UT,,,USA,USA
Murfreesboro Outdoor and Bicycling,Franklin,(615) 807-2035,37064,109 Del Rio Pike Suite 105,TN,,,USA,USA
Ultimate Pro Bikes,Countryside,708.497.2375,60525,6558 Joliet Road,IL,http://www.ultimateprobikes.com,,USA,USA
KLM Bike and Fitness,Birmingham,248-645-2453,48009,33600 Woodward Avenue,MI,,,USA,USA
The Cyclery Bike Shop,La Mirada,562-943-2453,90638,15037 E Imperial Hwy,CA,http://thecyclerybikeshop.com,,USA,USA
Cal Coast Bicycles,San Diego,619-281-7433,92116,3020 Adams Ave.,CA,http://calcoastbicycles.com,,USA,USA
Cycle Dynamics,Westport,(203) 226 3790,6880,971 Post Road East,CT,,cyedye@yahoo.com,USA,USA
Speed Merchants Bicycle Shop,Rockford,616-866-2226,49341,106 E. Bridge St.,MI,http://www.speedmerchantsbikeshop.com,,USA,USA
